{
  "project_info": {
    "project_number": "726462266262",
    "project_id": "madpro-final",
    "storage_bucket": "madpro-final.appspot.com"
  },
  "client": [
    {
      "client_info": {
        "mobilesdk_app_id": "1:726462266262:android:e629815c1a5cc3e7d93bb7",
        "android_client_info": {
          "package_name": "com.example.madprofinal"
        }
      },
      "oauth_client": [],
      "api_key": [
        {
          "current_key": "AIzaSyA6VkdjyL8Sxnes36iUq7CK87oEaYh7JYI"
        }
      ],
      "services": {
        "appinvite_service": {
          "other_platform_oauth_client": []
        }
      }
    }
  ],
  "configuration_version": "1"
}